antibiotic,count
erythromycin,247
penicillin,223
vancomycin,206
methicillin,190
clindamycin,181
tetracycline,170
ciprofloxacin,162
gentamicin,155
linezolid,108
ampicillin,105
oxacillin,102
trimethoprim-sulfamethoxazole,102
cefoxitin,61
chloramphenicol,52
rifampicin,52
levofloxacin,47
penicillin-g,36
mupirocin,34
ceftaroline,33
teicoplanin,28
amoxicillin,27
azithromycin,27
tigecycline,26
doxycycline,25
fusidic acid,25
quinupristin-dalfopristin,25
ceftriaxone,24
kanamycin,21
amikacin,20
amoxicillin-clavulanate,20
moxifloxacin,20
daptomycin,19
cefotaxime,17
streptomycin,17
